                  epoch,         train/box_loss,         train/cls_loss,         train/dfl_loss,   metrics/precision(B),      metrics/recall(B),       metrics/mAP50(B),    metrics/mAP50-95(B),           val/box_loss,           val/cls_loss,           val/dfl_loss,                 lr/pg0,                 lr/pg1,                 lr/pg2
                      1,                 1.9419,                 2.2526,                 1.5035,                0.82904,                0.77129,                0.81264,                 0.3993,                 1.6666,                0.98037,                 1.4741,             0.00055244,             0.00055244,             0.00055244
                      2,                 1.7015,                 1.0565,                 1.3496,                0.85057,                0.81499,                0.85006,                0.44845,                 1.5772,                0.84457,                 1.4121,              0.0008887,              0.0008887,              0.0008887
                      3,                 1.6491,                0.94199,                 1.3115,                0.85942,                0.83812,                0.87415,                0.47388,                 1.5517,                0.77222,                 1.3912,              0.0010049,              0.0010049,              0.0010049
                      4,                 1.6153,                0.87524,                 1.3007,                0.88356,                0.84087,                0.88756,                 0.4778,                 1.5483,                0.74095,                 1.3852,              0.0006768,              0.0006768,              0.0006768
                      5,                 1.5775,                0.83264,                 1.2739,                0.89208,                0.86192,                  0.896,                0.50621,                 1.4777,                0.69479,                 1.3544,              0.0006768,              0.0006768,              0.0006768
